{"cameraMode":{"drawMode":0,"name":"Shaded","section":"Shading Mode"},"sceneLighting":true,"audioPlay":false,"sceneViewState":{"m_AlwaysRefresh":false,"showFog":true,"showSkybox":true,"showFlares":true,"showImageEffects":true,"showParticleSystems":true,"showVisualEffectGraphs":true,"m_FxEnabled":true},"in2DMode":false,"pivot":{"x":136.79798889160157,"y":134.6177978515625,"z":55.84468078613281},"rotation":{"x":0.007207706570625305,"y":0.006881892681121826,"z":0.00008744309161556885,"w":1.0000611543655396},"size":436.11376953125,"orthographic":false}